customer_id,name,email,age,load_date
5,Quinn,quinn5@yahoo.com,53,2026-04-03
6,Xena,xena39@gmail.com,71,2026-04-03
7,Zara,zara73@proton.me,,2026-04-03
8,Jaya,jaya17@yahoo.com,54,2026-04-03
9,Olivia,olivia80@hotmail.com,44,2026-04-03
10,Aisha,aisha23@yahoo.com,33,2026-04-03
11,Arjun,arjun50@gmail.com,67,2026-04-03
12,Tanya,tanya19@proton.me,51,2026-04-03
13,Olivia,olivia34@proton.me,45,2026-04-03
14,Farhan,farhan15@yahoo.com,46,2026-04-03
15,Harsh,harsh55@outlook.com,41,2026-04-03
16,Aarav,aarav87@hotmail.com,18,2026-04-03
17,Nikhil,nikhil57@outlook.com,48,2026-04-03
18,Yash,yash27@hotmail.com,64,2026-04-03
19,Mia,mia92@proton.me,35,2026-04-03
20,Priya,priya33@yahoo.com,50,2026-04-03
21,Grace,grace61@hotmail.com,33,2026-04-03
22,Tanya,tanya9@outlook.com,52,2026-04-03
23,Bella,bella24@proton.me,74,2026-04-03
23,Bella,bella24@proton.me,74,2026-04-03
24,Aarav,aarav55@yahoo.com,47,2026-04-03
25,Yash,yash52@outlook.com,62,2026-04-03
26,Uma,uma26@hotmail.com,21,2026-04-03
27,Bella,bella72@gmail.com,32,2026-04-03
28,Rohan,rohan70@yahoo.com,41,2026-04-03
29,Olivia,olivia50@outlook.com,48,2026-04-03
30,Tanya,tanya94yahoo.com,68,2026-04-04
31,Kevin,,22,2026-04-04
32,Jaya,jaya93@gmail.com,49,2026-04-05
33,Jaya,jaya74@outlook.com,65,2026-04-05
34,Carlos,carlos32@outlook.com,54,2026-04-05
35,Aarav,aarav94@gmail.com,23,2026-04-05
36,Carlos,carlos22@yahoo.com,,2026-04-05
37,Wendy,wendy40@gmail.com,44,2026-04-05
38,Uma,uma1proton.me,69,2026-04-06
39,Bella,bella30@proton.me,71,2026-04-06
40,Yash,yash47@proton.me,,2026-04-06
41,Grace,grace88@gmail.com,24,2026-04-06
42,Quinn,quinn18@hotmail.com,66,2026-04-06
43,Farhan,farhan65@proton.me,70,2026-04-06
44,Wendy,wendy41@proton.me,75,2026-04-06
45,Xena,,72,2026-04-06
46,Carlos,carlos13hotmail.com,24,2026-04-06
47,Divya,divya34@hotmail.com,43,2026-04-06
48,Kevin,kevin68@outlook.com,26,2026-04-06
49,Priya,priya66@hotmail.com,65,2026-04-06
50,Nikhil,nikhil25@outlook.com,65,2026-04-06
51,Vikram,vikram8@yahoo.com,52,2026-04-06
52,Uma,uma10@hotmail.com,73,2026-04-06
52,Uma,uma10@hotmail.com,73,2026-04-06
53,Aarav,aarav59@hotmail.com,53,2026-04-06
54,Ananya,ananya9@hotmail.com,56,2026-04-06
55,Yash,yash29@gmail.com,40,2026-04-06
56,Xena,xena52@gmail.com,44,2026-04-06
57,Aisha,aisha16@yahoo.com,,2026-04-07
58,Zara,zara70@outlook.com,52,2026-04-07
59,Nikhil,nikhil82@hotmail.com,62,2026-04-07
60,Olivia,olivia65hotmail.com,57,2026-04-07
61,Bella,bella41@proton.me,70,2026-04-07
62,Rahul,rahul36@yahoo.com,24,2026-04-07
63,Sara,sara26@yahoo.com,53,2026-04-07
64,Bella,bella14@outlook.com,21,2026-04-07
65,Farhan,farhan53@gmail.com,21,2026-04-07
66,Wendy,wendy46@yahoo.com,71,2026-04-07
67,Aarav,aarav16@gmail.com,20,2026-04-07
68,Arjun,arjun21@hotmail.com,28,2026-04-07
69,Farhan,farhan19@yahoo.com,30,2026-04-07
70,Harsh,harsh96@yahoo.com,58,2026-04-07
70,Harsh,harsh96@yahoo.com,58,2026-04-07
71,Rahul,,39,2026-04-07
72,Aarav,aarav86@outlook.com,70,2026-04-07
73,Rohan,rohan22@hotmail.com,46,2026-04-07
74,Bella,bella35@yahoo.com,29,2026-04-08
75,Tanya,tanya4@hotmail.com,41,2026-04-08
76,Jaya,jaya6@gmail.com,20,2026-04-08
77,Kevin,kevin49@proton.me,39,2026-04-08
78,Bella,bella57@proton.me,57,2026-04-08
79,Olivia,olivia59@gmail.com,30,2026-04-08
80,Ishaan,ishaan80@hotmail.com,36,2026-04-08
81,Priya,priya78@proton.me,23,2026-04-08
82,Ananya,ananya60@gmail.com,39,2026-04-08
83,Kevin,kevin40hotmail.com,55,2026-04-08
84,Arjun,arjun19@outlook.com,22,2026-04-08
85,Aarav,,44,2026-04-08
86,Aarav,aarav37@outlook.com,43,2026-04-08
87,Harsh,harsh82@yahoo.com,30,2026-04-08
88,Leila,leila11@outlook.com,50,2026-04-08
89,Quinn,quinn75@yahoo.com,44,2026-04-08
90,Arjun,arjun55@gmail.com,52,2026-04-09
91,Grace,grace93@gmail.com,46,2026-04-09
92,Nikhil,nikhil93@hotmail.com,26,2026-04-09
93,Wendy,wendy52@outlook.com,33,2026-04-09
94,Wendy,wendy68@outlook.com,22,2026-04-09
95,Jaya,,42,2026-04-09
96,Grace,grace3outlook.com,21,2026-04-09
97,Wendy,wendy84@gmail.com,27,2026-04-09
98,Nikhil,nikhil11@hotmail.com,70,2026-04-09
99,Harsh,harsh39@proton.me,23,2026-04-09
100,Nikhil,nikhil56@yahoo.com,68,2026-04-09
101,Harsh,harsh86@outlook.com,35,2026-04-10
102,Wendy,wendy20@yahoo.com,57,2026-04-10
102,Wendy,wendy20@yahoo.com,57,2026-04-10
103,Farhan,,39,2026-04-10
104,Yash,yash85@gmail.com,21,2026-04-10
105,Jaya,jaya25@hotmail.com,59,2026-04-10
106,Kevin,kevin77@hotmail.com,21,2026-04-10
107,Nikhil,nikhil4@outlook.com,20,2026-04-10
108,Nikhil,nikhil3@gmail.com,20,2026-04-10
109,Vikram,vikram35@outlook.com,62,2026-04-10
110,Wendy,wendy64@yahoo.com,,2026-04-10
111,Harsh,harsh29@yahoo.com,32,2026-04-10
112,Leila,leila63@hotmail.com,20,2026-04-10
113,Uma,uma11@outlook.com,34,2026-04-10
114,Ishaan,ishaan64@hotmail.com,19,2026-04-10
115,Mia,mia30@yahoo.com,20,2026-04-10
116,Grace,grace71@hotmail.com,63,2026-04-10
116,Grace,grace71@hotmail.com,63,2026-04-10
117,Carlos,carlos49@proton.me,25,2026-04-11
118,Yash,yash67@outlook.com,46,2026-04-11
119,Wendy,wendy16@outlook.com,,2026-04-11
120,Aarav,,30,2026-04-11
121,Vikram,vikram85@outlook.com,56,2026-04-11
122,Carlos,carlos57outlook.com,63,2026-04-11
123,Carlos,carlos52@yahoo.com,24,2026-04-11
124,Farhan,farhan25@proton.me,24,2026-04-12
125,Jaya,jaya92@yahoo.com,48,2026-04-12
126,Rohan,rohan51@outlook.com,70,2026-04-12
127,Carlos,carlos7@gmail.com,27,2026-04-12
128,Farhan,farhan16@gmail.com,39,2026-04-12
129,Nikhil,nikhil60@yahoo.com,53,2026-04-12
130,Aisha,aisha33@hotmail.com,71,2026-04-13
131,Farhan,farhan36@outlook.com,48,2026-04-13
132,Divya,divya61@hotmail.com,72,2026-04-13
133,Ishaan,ishaan51@hotmail.com,40,2026-04-13
134,Emma,,30,2026-04-13
135,Aarav,aarav61@hotmail.com,54,2026-04-13
136,Sara,sara22@proton.me,18,2026-04-13
137,Kevin,kevin47@yahoo.com,19,2026-04-13
138,Divya,divya11@yahoo.com,72,2026-04-13
139,Aisha,aisha44@proton.me,32,2026-04-13
140,Arjun,arjun2@outlook.com,44,2026-04-13
141,Wendy,wendy1@hotmail.com,34,2026-04-13
142,Yash,yash96@proton.me,70,2026-04-13
143,Ishaan,,70,2026-04-13
144,Olivia,olivia41@yahoo.com,27,2026-04-13
145,Mia,mia84@yahoo.com,48,2026-04-14
146,Vikram,,45,2026-04-14
147,Priya,priya57@outlook.com,75,2026-04-14
148,Sara,sara5@outlook.com,,2026-04-14
149,Tanya,tanya60@outlook.com,22,2026-04-14
150,Ishaan,ishaan25@yahoo.com,66,2026-04-14
151,Emma,emma58@outlook.com,68,2026-04-14
152,Tanya,tanya4@proton.me,30,2026-04-14
153,Arjun,arjun3@outlook.com,37,2026-04-14
154,Grace,grace49hotmail.com,29,2026-04-14
155,Carlos,carlos70@proton.me,32,2026-04-14
156,Leila,leila78@proton.me,44,2026-04-14
157,Wendy,wendy58@proton.me,45,2026-04-14
158,Carlos,carlos89hotmail.com,40,2026-04-14
159,Ishaan,,61,2026-04-14
160,Rahul,rahul61@hotmail.com,66,2026-04-14
160,Rahul,rahul61@hotmail.com,66,2026-04-14
161,Carlos,carlos99@proton.me,42,2026-04-15
162,Aisha,aisha4@gmail.com,61,2026-04-15
163,Vikram,vikram77@outlook.com,65,2026-04-15
164,Rahul,rahul28@yahoo.com,57,2026-04-15
165,Olivia,olivia35@hotmail.com,55,2026-04-15
166,Rahul,rahul98@hotmail.com,38,2026-04-15
167,Emma,emma73@hotmail.com,25,2026-04-15
168,Olivia,olivia45@proton.me,68,2026-04-15
169,Aisha,,29,2026-04-15
170,Bella,bella42@hotmail.com,42,2026-04-15
171,Nikhil,nikhil33@hotmail.com,54,2026-04-15
172,Nikhil,nikhil3@yahoo.com,59,2026-04-15
173,Uma,uma27@proton.me,56,2026-04-15
174,Rohan,rohan54@outlook.com,35,2026-04-15
175,Aarav,aarav35@hotmail.com,22,2026-04-15
176,Vikram,vikram2@hotmail.com,,2026-04-16
177,Kevin,kevin82@yahoo.com,70,2026-04-16
178,Uma,uma76@proton.me,46,2026-04-16
179,Wendy,wendy43@yahoo.com,38,2026-04-16
180,Zara,zara75@proton.me,42,2026-04-16
181,Xena,xena39@gmail.com,67,2026-04-16
182,Aarav,aarav6@yahoo.com,69,2026-04-16
183,Vikram,vikram15@proton.me,35,2026-04-16
184,Grace,grace80@outlook.com,70,2026-04-16
185,Ishaan,ishaan9@proton.me,75,2026-04-16
186,Sara,sara19@outlook.com,27,2026-04-16
187,Farhan,farhan40@outlook.com,54,2026-04-17
188,Aarav,aarav5@yahoo.com,28,2026-04-17
189,Rahul,rahul2@proton.me,59,2026-04-17
190,Farhan,farhan10@proton.me,,2026-04-17
191,Wendy,wendy69@gmail.com,55,2026-04-17
192,Rohan,rohan92@gmail.com,20,2026-04-17
193,Ananya,ananya78@hotmail.com,71,2026-04-17
194,Xena,xena70@yahoo.com,34,2026-04-17
195,Farhan,farhan79@yahoo.com,69,2026-04-17
196,Arjun,,26,2026-04-17
197,Tanya,tanya71@gmail.com,73,2026-04-17
197,Tanya,tanya71@gmail.com,73,2026-04-17
198,Aarav,aarav68@hotmail.com,49,2026-04-17
199,Nikhil,nikhil15outlook.com,63,2026-04-17
200,Ananya,ananya23@hotmail.com,31,2026-04-17
201,Kevin,kevin76@hotmail.com,38,2026-04-17
202,Aarav,aarav4@outlook.com,34,2026-04-17
203,Harsh,harsh20@yahoo.com,28,2026-04-17
204,Sara,sara25@hotmail.com,,2026-04-17
205,Leila,leila94@proton.me,45,2026-04-17
206,Ishaan,ishaan48@hotmail.com,33,2026-04-17
207,Rohan,rohan22@gmail.com,69,2026-04-18
208,Arjun,arjun65@outlook.com,,2026-04-18
209,Ananya,ananya81@hotmail.com,54,2026-04-18
210,Priya,,37,2026-04-18
211,Ananya,ananya55@outlook.com,,2026-04-18
211,Ananya,ananya55@outlook.com,,2026-04-18
212,Ishaan,ishaan26@gmail.com,42,2026-04-18
213,Grace,grace50@proton.me,18,2026-04-18
214,Rahul,rahul57@proton.me,40,2026-04-18
215,Yash,yash75@yahoo.com,25,2026-04-19
216,Aarav,aarav83@proton.me,48,2026-04-19
217,Kevin,kevin61proton.me,68,2026-04-19
218,Rahul,rahul62@yahoo.com,38,2026-04-19
219,Olivia,olivia47@hotmail.com,29,2026-04-19
220,Aarav,aarav7@yahoo.com,37,2026-04-20
221,Tanya,tanya11@hotmail.com,58,2026-04-20
222,Xena,xena30@yahoo.com,34,2026-04-20
222,Xena,xena30@yahoo.com,34,2026-04-20
223,Wendy,wendy91@proton.me,27,2026-04-20
224,Carlos,carlos9@hotmail.com,48,2026-04-20
225,Bella,bella27@proton.me,36,2026-04-20
226,Yash,yash93@outlook.com,64,2026-04-20
226,Yash,yash93@outlook.com,64,2026-04-20
227,Uma,uma27@hotmail.com,22,2026-04-20
228,Divya,divya93@hotmail.com,27,2026-04-20
229,Arjun,arjun55@yahoo.com,29,2026-04-20
230,Olivia,olivia69@hotmail.com,41,2026-04-21
231,Arjun,,67,2026-04-21
232,Ananya,ananya93@proton.me,29,2026-04-21
233,Vikram,vikram91@hotmail.com,46,2026-04-21
234,Kevin,kevin14@gmail.com,64,2026-04-21
234,Kevin,kevin14@gmail.com,64,2026-04-21
235,Divya,divya8@outlook.com,72,2026-04-21
236,Kevin,kevin48@yahoo.com,49,2026-04-21
237,Divya,divya17@yahoo.com,54,2026-04-21
238,Divya,divya99@outlook.com,56,2026-04-21
239,Yash,yash6@proton.me,,2026-04-21
240,Ishaan,ishaan80@hotmail.com,73,2026-04-21
241,Jaya,jaya44@outlook.com,75,2026-04-21
242,Nikhil,nikhil21@proton.me,50,2026-04-22
243,Priya,priya65@gmail.com,61,2026-04-22
244,Emma,emma72hotmail.com,51,2026-04-22
245,Olivia,olivia22@gmail.com,61,2026-04-22
246,Sara,sara78@proton.me,62,2026-04-22
247,Xena,xena66@outlook.com,70,2026-04-22
248,Arjun,arjun46@gmail.com,71,2026-04-22
249,Aisha,aisha15@hotmail.com,52,2026-04-22
250,Wendy,wendy4@proton.me,31,2026-04-22
251,Priya,priya72@gmail.com,66,2026-04-22
252,Uma,uma11@hotmail.com,34,2026-04-22
253,Zara,zara82@outlook.com,61,2026-04-22
254,Divya,divya24@proton.me,27,2026-04-22
254,Divya,divya24@proton.me,27,2026-04-22
255,Carlos,carlos30@yahoo.com,42,2026-04-22
256,Kevin,kevin1@proton.me,34,2026-04-23
257,Aarav,aarav85@outlook.com,45,2026-04-23
258,Arjun,arjun1@yahoo.com,20,2026-04-23
259,Jaya,jaya36hotmail.com,34,2026-04-23
260,Carlos,carlos91@proton.me,65,2026-04-23
261,Bella,bella73@outlook.com,49,2026-04-23
262,Grace,grace36yahoo.com,58,2026-04-23
263,Rahul,rahul4@outlook.com,29,2026-04-23
264,Priya,priya1yahoo.com,22,2026-04-23
265,Farhan,farhan11@yahoo.com,51,2026-04-24
266,Jaya,jaya38@outlook.com,57,2026-04-24
267,Rohan,rohan17outlook.com,52,2026-04-24
268,Xena,xena76@gmail.com,48,2026-04-24
269,Zara,,68,2026-04-24
270,Sara,sara15@yahoo.com,35,2026-04-24
271,Olivia,olivia73@outlook.com,49,2026-04-24
271,Olivia,olivia73@outlook.com,49,2026-04-24
272,Xena,xena74@outlook.com,75,2026-04-24
273,Priya,priya18@yahoo.com,27,2026-04-24
274,Emma,emma14@outlook.com,38,2026-04-24
275,Ananya,ananya59@outlook.com,69,2026-04-24
276,Sara,sara60@gmail.com,71,2026-04-24
277,Bella,bella43@outlook.com,56,2026-04-24
278,Divya,divya8@hotmail.com,27,2026-04-24
279,Jaya,jaya92yahoo.com,41,2026-04-24
279,Jaya,jaya92yahoo.com,41,2026-04-24
280,Rahul,rahul77@hotmail.com,69,2026-04-24
281,Divya,divya35@gmail.com,57,2026-04-25
282,Rohan,rohan94gmail.com,53,2026-04-25
283,Quinn,quinn23@gmail.com,28,2026-04-26
284,Uma,uma53@gmail.com,60,2026-04-26
284,Uma,uma53@gmail.com,60,2026-04-26
285,Yash,yash20@outlook.com,70,2026-04-26
286,Ananya,ananya86@hotmail.com,47,2026-04-26
287,Vikram,vikram48@gmail.com,29,2026-04-26
288,Divya,divya66@yahoo.com,74,2026-04-26
289,Farhan,,51,2026-04-26
290,Divya,divya69@hotmail.com,55,2026-04-26
291,Carlos,carlos60@hotmail.com,60,2026-04-27
292,Carlos,carlos57@proton.me,32,2026-04-27
293,Sara,sara91@hotmail.com,33,2026-04-27
294,Uma,uma74@yahoo.com,71,2026-04-27
295,Aarav,aarav87@hotmail.com,21,2026-04-27
296,Tanya,tanya23hotmail.com,48,2026-04-27
297,Bella,bella39@hotmail.com,68,2026-04-27
297,Bella,bella39@hotmail.com,68,2026-04-27
298,Zara,zara65@yahoo.com,27,2026-04-27
299,Bella,bella13@hotmail.com,70,2026-04-27
300,Harsh,harsh41@hotmail.com,46,2026-04-27
301,Rohan,rohan66@yahoo.com,29,2026-04-28
302,Nikhil,nikhil2@yahoo.com,65,2026-04-28
303,Sara,sara5@gmail.com,21,2026-04-28
304,Priya,priya71@outlook.com,24,2026-04-28
305,Bella,bella84yahoo.com,48,2026-04-28
306,Arjun,arjun45@yahoo.com,33,2026-04-28
307,Bella,bella97outlook.com,46,2026-04-28
308,Xena,xena76outlook.com,32,2026-04-28
309,Kevin,kevin85@proton.me,45,2026-04-28
310,Zara,zara80@proton.me,73,2026-04-28
311,Rohan,,20,2026-04-28
312,Wendy,wendy23@outlook.com,19,2026-04-29
313,Ishaan,ishaan44@proton.me,73,2026-04-29
314,Aisha,aisha83@hotmail.com,40,2026-04-29
315,Harsh,harsh64@gmail.com,24,2026-04-29
316,Grace,grace87@gmail.com,45,2026-04-29
317,Farhan,farhan40@outlook.com,37,2026-04-29
318,Tanya,tanya75@outlook.com,34,2026-04-29
319,Nikhil,nikhil98@gmail.com,66,2026-04-29
320,Vikram,vikram95@yahoo.com,52,2026-04-29
321,Kevin,kevin66@gmail.com,55,2026-04-29
322,Farhan,farhan4@yahoo.com,69,2026-04-29
323,Tanya,tanya61@hotmail.com,65,2026-04-29
324,Emma,emma7@yahoo.com,45,2026-04-29
325,Tanya,tanya32@outlook.com,66,2026-04-30
325,Tanya,tanya32@outlook.com,66,2026-04-30
326,Ananya,ananya22@proton.me,74,2026-04-30
327,Sara,sara55@proton.me,34,2026-04-30
328,Emma,emma41@proton.me,72,2026-04-30
329,Tanya,tanya73@outlook.com,44,2026-04-30
330,Wendy,wendy25@proton.me,52,2026-04-30
330,Wendy,wendy25@proton.me,52,2026-04-30
331,Aisha,aisha32@outlook.com,59,2026-04-30
332,Yash,yash55@proton.me,37,2026-04-30
333,Wendy,wendy49@hotmail.com,36,2026-04-30
334,Carlos,carlos26@gmail.com,72,2026-04-30
335,Priya,,53,2026-04-30
336,Carlos,carlos44@proton.me,,2026-04-30
337,Bella,bella51@hotmail.com,43,2026-04-30
338,Rahul,rahul8@gmail.com,34,2026-04-30
339,Rahul,rahul80@proton.me,34,2026-04-30
340,Rohan,rohan85@outlook.com,36,2026-04-30
341,Ananya,ananya52@hotmail.com,65,2026-04-30
342,Xena,xena62@proton.me,73,2026-05-01
343,Arjun,arjun20@hotmail.com,45,2026-05-01
344,Tanya,tanya74@hotmail.com,69,2026-05-01
345,Uma,,36,2026-05-01
346,Jaya,,43,2026-05-01
347,Jaya,jaya13@hotmail.com,50,2026-05-01
348,Ananya,ananya93@outlook.com,33,2026-05-01
349,Rahul,rahul74@hotmail.com,19,2026-05-01
350,Arjun,arjun11@outlook.com,50,2026-05-02
350,Arjun,arjun11@outlook.com,50,2026-05-02
351,Tanya,tanya24@yahoo.com,49,2026-05-02
352,Jaya,jaya95@yahoo.com,44,2026-05-02
353,Tanya,tanya44@proton.me,57,2026-05-02
354,Kevin,kevin7@gmail.com,32,2026-05-02
355,Rohan,rohan20hotmail.com,58,2026-05-03
356,Emma,emma31@yahoo.com,35,2026-05-03
357,Tanya,tanya40@outlook.com,68,2026-05-03
358,Rahul,rahul44@hotmail.com,64,2026-05-03
359,Vikram,vikram70@proton.me,75,2026-05-03
360,Vikram,vikram13@hotmail.com,71,2026-05-04
361,Kevin,kevin11proton.me,63,2026-05-04
362,Kevin,kevin38@outlook.com,34,2026-05-04
363,Aarav,aarav49@yahoo.com,33,2026-05-04
364,Ananya,ananya22@gmail.com,35,2026-05-04
365,Wendy,wendy72@outlook.com,43,2026-05-04
366,Grace,grace36@gmail.com,42,2026-05-04
367,Jaya,jaya14@outlook.com,24,2026-05-04
368,Xena,xena10@hotmail.com,55,2026-05-04
369,Quinn,quinn34@outlook.com,40,2026-05-04
369,Quinn,quinn34@outlook.com,40,2026-05-04
370,Quinn,quinn82@outlook.com,46,2026-05-04
371,Kevin,kevin46@outlook.com,57,2026-05-04
372,Harsh,harsh47@hotmail.com,66,2026-05-04
373,Aarav,aarav81@outlook.com,28,2026-05-05
374,Carlos,carlos14@gmail.com,43,2026-05-05
375,Uma,uma85@yahoo.com,33,2026-05-05
376,Jaya,jaya98@proton.me,21,2026-05-05
376,Jaya,jaya98@proton.me,21,2026-05-05
377,Grace,grace67@proton.me,45,2026-05-05
378,Ananya,ananya20@proton.me,30,2026-05-05
379,Harsh,harsh93@hotmail.com,,2026-05-05
380,Wendy,wendy2@gmail.com,44,2026-05-05
381,Bella,bella18@gmail.com,47,2026-05-05
382,Rahul,rahul54@yahoo.com,22,2026-05-05
383,Wendy,wendy66@hotmail.com,44,2026-05-05
384,Tanya,tanya32@hotmail.com,60,2026-05-05
385,Priya,priya16@hotmail.com,28,2026-05-06
386,Grace,grace36@outlook.com,35,2026-05-06
387,Arjun,arjun56@gmail.com,53,2026-05-06
388,Sara,sara30@yahoo.com,41,2026-05-06
389,Rohan,rohan36proton.me,19,2026-05-06
389,Rohan,rohan36proton.me,19,2026-05-06
390,Yash,,55,2026-05-06
391,Uma,uma1@gmail.com,44,2026-05-06
392,Xena,xena14@yahoo.com,73,2026-05-06
393,Zara,zara39@hotmail.com,35,2026-05-06
394,Vikram,vikram18@outlook.com,23,2026-05-06
395,Carlos,carlos50@gmail.com,31,2026-05-06
396,Arjun,arjun50@yahoo.com,37,2026-05-07
397,Wendy,wendy78@outlook.com,42,2026-05-07
398,Divya,,50,2026-05-07
399,Tanya,tanya85@yahoo.com,63,2026-05-07
400,Grace,grace97@hotmail.com,69,2026-05-07
401,Xena,xena23@outlook.com,53,2026-05-07
402,Arjun,,30,2026-05-07
403,Kevin,,44,2026-05-07
404,Ishaan,ishaan50@hotmail.com,35,2026-05-07
405,Nikhil,nikhil20@proton.me,18,2026-05-07
406,Rohan,rohan38@yahoo.com,74,2026-05-07
407,Rahul,rahul63@hotmail.com,,2026-05-07
407,Rahul,rahul63@hotmail.com,,2026-05-07
408,Emma,emma59@proton.me,29,2026-05-07
409,Xena,xena5@hotmail.com,75,2026-05-07
410,Rohan,rohan77@hotmail.com,70,2026-05-07
411,Wendy,wendy49gmail.com,22,2026-05-07
412,Aisha,aisha94hotmail.com,52,2026-05-07
413,Vikram,vikram95@outlook.com,61,2026-05-07
414,Sara,sara99@hotmail.com,74,2026-05-07
415,Grace,grace47@gmail.com,59,2026-05-07
416,Jaya,jaya83@hotmail.com,46,2026-05-08
417,Rahul,rahul39@proton.me,27,2026-05-08
418,Ananya,ananya2proton.me,64,2026-05-08
419,Ananya,ananya71@outlook.com,71,2026-05-08
420,Bella,bella27@gmail.com,42,2026-05-08
421,Grace,grace84@proton.me,46,2026-05-08
422,Kevin,kevin3@gmail.com,72,2026-05-08
423,Sara,,66,2026-05-08
424,Grace,grace69@yahoo.com,57,2026-05-08
425,Kevin,kevin77hotmail.com,62,2026-05-08
426,Leila,leila78@outlook.com,37,2026-05-08
427,Mia,mia87@hotmail.com,59,2026-05-08
428,Olivia,olivia90@hotmail.com,66,2026-05-08
429,Sara,sara79@hotmail.com,55,2026-05-08
430,Mia,mia27@gmail.com,28,2026-05-08
431,Aarav,aarav67@hotmail.com,63,2026-05-08
431,Aarav,aarav67@hotmail.com,63,2026-05-08
432,Ananya,ananya84@gmail.com,27,2026-05-08
432,Ananya,ananya84@gmail.com,27,2026-05-08
433,Tanya,tanya56@outlook.com,72,2026-05-08
434,Ishaan,ishaan73@hotmail.com,38,2026-05-08
435,Mia,mia33@proton.me,52,2026-05-09
436,Vikram,vikram53@outlook.com,47,2026-05-09
437,Olivia,olivia89@yahoo.com,42,2026-05-09
438,Uma,uma58@hotmail.com,66,2026-05-09
439,Arjun,arjun7@yahoo.com,69,2026-05-09
440,Rohan,rohan59outlook.com,59,2026-05-10
441,Wendy,wendy28@hotmail.com,26,2026-05-10
442,Ishaan,ishaan68@hotmail.com,50,2026-05-11
443,Nikhil,nikhil22@hotmail.com,,2026-05-11
444,Rohan,rohan40@yahoo.com,64,2026-05-11
445,Carlos,carlos26@outlook.com,45,2026-05-11
446,Uma,uma79@gmail.com,41,2026-05-11
447,Arjun,arjun89@hotmail.com,23,2026-05-11
448,Sara,sara3@yahoo.com,67,2026-05-11
449,Rohan,rohan8@gmail.com,43,2026-05-11
450,Mia,mia31@proton.me,27,2026-05-12
451,Zara,zara28@proton.me,63,2026-05-12
452,Ananya,ananya70@yahoo.com,55,2026-05-12
453,Grace,grace80@hotmail.com,75,2026-05-12
454,Zara,zara72outlook.com,68,2026-05-12
455,Nikhil,nikhil66@gmail.com,55,2026-05-12
456,Uma,uma57@outlook.com,72,2026-05-12
457,Quinn,quinn95@outlook.com,74,2026-05-12
458,Mia,mia85@hotmail.com,20,2026-05-12
459,Emma,emma77@yahoo.com,19,2026-05-12
460,Ananya,ananya11@proton.me,48,2026-05-12
461,Emma,emma7@yahoo.com,23,2026-05-12
462,Xena,xena69@proton.me,66,2026-05-12
463,Bella,,70,2026-05-12
464,Harsh,harsh60@hotmail.com,47,2026-05-12
465,Vikram,vikram38@outlook.com,31,2026-05-12
466,Xena,xena98@proton.me,60,2026-05-12
467,Quinn,quinn70@hotmail.com,48,2026-05-13
468,Olivia,olivia31@hotmail.com,40,2026-05-13
469,Tanya,tanya5@proton.me,45,2026-05-13
470,Quinn,quinn88@yahoo.com,27,2026-05-13
471,Rohan,rohan42@hotmail.com,28,2026-05-13
472,Wendy,wendy46@gmail.com,48,2026-05-13
473,Rahul,rahul51@proton.me,27,2026-05-13
474,Rohan,rohan13gmail.com,67,2026-05-13
475,Quinn,quinn14@proton.me,39,2026-05-13
475,Quinn,quinn14@proton.me,39,2026-05-13
476,Divya,divya41@outlook.com,31,2026-05-13
477,Nikhil,nikhil37@outlook.com,27,2026-05-13
478,Jaya,jaya23@proton.me,61,2026-05-13
478,Jaya,jaya23@proton.me,61,2026-05-13
479,Ishaan,ishaan53@proton.me,52,2026-05-13
480,Harsh,harsh7@proton.me,49,2026-05-13
481,Rahul,rahul97@proton.me,58,2026-05-13
481,Rahul,rahul97@proton.me,58,2026-05-13
482,Yash,yash22@outlook.com,70,2026-05-13
483,Divya,divya69@yahoo.com,67,2026-05-14
484,Quinn,quinn76outlook.com,19,2026-05-14
485,Jaya,jaya83@gmail.com,61,2026-05-14
486,Nikhil,nikhil54@gmail.com,60,2026-05-14
487,Harsh,harsh87@hotmail.com,69,2026-05-14
488,Carlos,carlos90@yahoo.com,40,2026-05-14
489,Grace,grace66@hotmail.com,74,2026-05-14
490,Carlos,carlos88@proton.me,43,2026-05-14
491,Carlos,carlos74@hotmail.com,61,2026-05-14
492,Aisha,aisha34@hotmail.com,28,2026-05-14
493,Carlos,carlos57@gmail.com,58,2026-05-14
494,Zara,zara92@proton.me,23,2026-05-14
495,Leila,leila96@gmail.com,28,2026-05-14
496,Emma,emma55@outlook.com,26,2026-05-14
497,Priya,priya10@proton.me,41,2026-05-14
498,Aisha,aisha42@yahoo.com,26,2026-05-14
499,Wendy,wendy93@proton.me,27,2026-05-14
500,Kevin,kevin8@gmail.com,45,2026-05-14
501,Nikhil,nikhil85@outlook.com,38,2026-05-14
502,Tanya,tanya40@outlook.com,51,2026-05-15
503,Harsh,harsh65@hotmail.com,62,2026-05-15
504,Xena,xena65@hotmail.com,24,2026-05-15
505,Emma,emma60@proton.me,52,2026-05-15
506,Rohan,rohan62@yahoo.com,29,2026-05-15
507,Olivia,olivia13outlook.com,30,2026-05-15
508,Rohan,,49,2026-05-15
509,Uma,uma2@outlook.com,61,2026-05-15
510,Quinn,quinn53@outlook.com,47,2026-05-15
510,Quinn,quinn53@outlook.com,47,2026-05-15
511,Uma,uma71@proton.me,52,2026-05-15
512,Mia,mia29@gmail.com,21,2026-05-15
513,Kevin,kevin89@yahoo.com,29,2026-05-15
514,Harsh,harsh63@outlook.com,46,2026-05-15
515,Xena,xena54@gmail.com,55,2026-05-15
516,Vikram,vikram34@yahoo.com,27,2026-05-15
517,Jaya,jaya35@hotmail.com,28,2026-05-15
518,Nikhil,nikhil45proton.me,36,2026-05-15
519,Farhan,farhan34proton.me,38,2026-05-16
520,Nikhil,nikhil9@outlook.com,45,2026-05-16
521,Aisha,aisha2@proton.me,24,2026-05-17
522,Rahul,rahul56@gmail.com,66,2026-05-17
523,Priya,priya18@proton.me,29,2026-05-17
524,Rohan,rohan68@proton.me,31,2026-05-17
525,Quinn,quinn14@yahoo.com,23,2026-05-17
526,Tanya,tanya55@hotmail.com,36,2026-05-17
527,Tanya,tanya18@hotmail.com,26,2026-05-18
528,Rohan,rohan40proton.me,75,2026-05-18
529,Yash,yash66@proton.me,61,2026-05-18
530,Farhan,farhan84@gmail.com,53,2026-05-18
531,Aarav,aarav58@outlook.com,61,2026-05-18
532,Uma,uma52@proton.me,41,2026-05-18
533,Nikhil,,66,2026-05-18
534,Priya,priya73@outlook.com,64,2026-05-18
535,Divya,divya51@yahoo.com,59,2026-05-18
536,Kevin,kevin83@proton.me,39,2026-05-18
537,Ishaan,ishaan16@gmail.com,30,2026-05-18
538,Tanya,tanya90@proton.me,35,2026-05-18
539,Ananya,ananya52@outlook.com,64,2026-05-18
540,Carlos,carlos94@gmail.com,31,2026-05-19
541,Aarav,aarav46@proton.me,44,2026-05-19
542,Xena,xena70@hotmail.com,46,2026-05-19
543,Divya,divya81outlook.com,52,2026-05-19
544,Grace,grace72@yahoo.com,22,2026-05-19
545,Jaya,jaya28@proton.me,61,2026-05-19
546,Grace,grace20@hotmail.com,,2026-05-19
547,Quinn,quinn27@outlook.com,66,2026-05-19
548,Tanya,tanya66@hotmail.com,32,2026-05-19
549,Emma,emma21@yahoo.com,21,2026-05-19
550,Bella,bella54@proton.me,75,2026-05-19
551,Aarav,aarav49@proton.me,46,2026-05-19
552,Rohan,rohan80@outlook.com,63,2026-05-19
553,Rohan,rohan78@outlook.com,25,2026-05-19
554,Rohan,rohan73@outlook.com,44,2026-05-19
555,Quinn,,18,2026-05-20
556,Kevin,kevin42@yahoo.com,61,2026-05-20
557,Ishaan,ishaan99@gmail.com,30,2026-05-20
558,Harsh,harsh43@hotmail.com,28,2026-05-20
559,Ishaan,ishaan60@outlook.com,34,2026-05-20
560,Zara,zara74@gmail.com,67,2026-05-20
561,Wendy,,59,2026-05-20
562,Ananya,ananya38hotmail.com,65,2026-05-20
562,Ananya,ananya38hotmail.com,65,2026-05-20
563,Kevin,kevin26@proton.me,54,2026-05-20
564,Aarav,aarav2@yahoo.com,27,2026-05-20
565,Yash,yash98@gmail.com,64,2026-05-20
566,Wendy,wendy29@yahoo.com,37,2026-05-20
566,Wendy,wendy29@yahoo.com,37,2026-05-20
567,Grace,grace54@gmail.com,43,2026-05-20
568,Jaya,jaya66@outlook.com,27,2026-05-20
569,Wendy,,63,2026-05-20
570,Aarav,aarav97@proton.me,19,2026-05-20
571,Arjun,arjun37gmail.com,64,2026-05-20
572,Grace,grace70@proton.me,53,2026-05-20
573,Yash,yash94@yahoo.com,40,2026-05-20
574,Rohan,rohan25@gmail.com,47,2026-05-21
575,Harsh,harsh32@outlook.com,59,2026-05-21
576,Carlos,carlos50@outlook.com,38,2026-05-21
577,Aisha,aisha69@gmail.com,43,2026-05-21
578,Aisha,aisha87@yahoo.com,35,2026-05-21
579,Sara,sara62@proton.me,20,2026-05-21
580,Sara,sara78@yahoo.com,46,2026-05-21
581,Aarav,aarav10@yahoo.com,19,2026-05-21
582,Nikhil,nikhil91@gmail.com,56,2026-05-21
583,Divya,divya57@proton.me,63,2026-05-21
584,Tanya,tanya60@gmail.com,54,2026-05-21
584,Tanya,tanya60@gmail.com,54,2026-05-21
585,Xena,xena73@hotmail.com,30,2026-05-22
586,Olivia,,56,2026-05-22
587,Xena,xena72@outlook.com,60,2026-05-22
588,Divya,divya19@proton.me,,2026-05-22
589,Arjun,,36,2026-05-22
590,Emma,emma73@yahoo.com,62,2026-05-22
591,Vikram,vikram66@proton.me,35,2026-05-22
592,Xena,xena25@outlook.com,36,2026-05-22
593,Xena,xena4proton.me,48,2026-05-22
594,Aarav,aarav63@outlook.com,54,2026-05-22
595,Grace,grace9@yahoo.com,65,2026-05-22
596,Ishaan,ishaan27@hotmail.com,21,2026-05-23
597,Bella,bella43@hotmail.com,42,2026-05-23
598,Bella,bella32@outlook.com,43,2026-05-23
599,Grace,grace93@proton.me,23,2026-05-23
600,Uma,uma71yahoo.com,44,2026-05-23
601,Tanya,tanya90@yahoo.com,29,2026-05-23
602,Tanya,tanya92@yahoo.com,21,2026-05-24
603,Carlos,carlos75@gmail.com,57,2026-05-24
604,Emma,emma61@gmail.com,63,2026-05-24
605,Zara,zara57@yahoo.com,25,2026-05-24
606,Bella,bella75@hotmail.com,43,2026-05-24
607,Jaya,jaya14@gmail.com,42,2026-05-24
608,Arjun,arjun92@yahoo.com,73,2026-05-24
609,Farhan,,49,2026-05-24
609,Farhan,,49,2026-05-24
610,Vikram,vikram4@hotmail.com,30,2026-05-25
611,Emma,emma44@hotmail.com,74,2026-05-25
612,Olivia,olivia6@yahoo.com,64,2026-05-25
613,Emma,emma35@yahoo.com,26,2026-05-25
614,Quinn,quinn28@outlook.com,24,2026-05-25
615,Tanya,tanya91@outlook.com,22,2026-05-25
616,Farhan,farhan74@hotmail.com,63,2026-05-25
617,Farhan,farhan57@proton.me,63,2026-05-25
618,Quinn,quinn17@gmail.com,51,2026-05-25
619,Xena,xena37@yahoo.com,68,2026-05-25
620,Yash,yash48@yahoo.com,30,2026-05-25
621,Divya,divya42@gmail.com,45,2026-05-25
622,Aisha,,23,2026-05-25
623,Olivia,olivia13@gmail.com,52,2026-05-25
624,Vikram,vikram79@yahoo.com,53,2026-05-25
625,Mia,mia72@hotmail.com,23,2026-05-25
626,Bella,bella11@outlook.com,57,2026-05-25
627,Xena,xena62@gmail.com,67,2026-05-25
628,Rohan,rohan76@gmail.com,30,2026-05-26
629,Harsh,harsh2@outlook.com,56,2026-05-26
630,Wendy,wendy81@hotmail.com,54,2026-05-26
631,Sara,sara75@hotmail.com,59,2026-05-26
632,Bella,bella32@proton.me,64,2026-05-26
633,Uma,uma43@outlook.com,29,2026-05-26
634,Nikhil,nikhil4@outlook.com,22,2026-05-26
635,Sara,sara46@outlook.com,19,2026-05-26
636,Priya,priya23@outlook.com,51,2026-05-26
637,Zara,zara74@gmail.com,22,2026-05-26
638,Tanya,tanya16@proton.me,57,2026-05-26
639,Emma,,56,2026-05-26
640,Yash,yash2@outlook.com,25,2026-05-26
641,Emma,emma96@proton.me,66,2026-05-27
642,Tanya,tanya15@yahoo.com,,2026-05-27
643,Divya,divya3@outlook.com,71,2026-05-27
644,Priya,priya16@yahoo.com,,2026-05-27
645,Grace,grace50@hotmail.com,19,2026-05-27
646,Uma,uma95@gmail.com,65,2026-05-27
647,Xena,xena93@hotmail.com,75,2026-05-27
648,Wendy,wendy18@hotmail.com,70,2026-05-27
1,John,john@gmail.com,25,2026-05-28
2,Sarah,,30,2026-05-28
3,Mike,mike@gmail.com,22,2026-05-28
3,Mike,mike@gmail.com,22,2026-05-28
4,David,davidgmail.com,45,2026-05-28
649,Kevin,kevin41@proton.me,34,2026-05-28
650,Rahul,rahul99@outlook.com,19,2026-05-28
651,Quinn,quinn33@outlook.com,41,2026-05-28
652,Bella,bella29@gmail.com,50,2026-05-28
652,Bella,bella29@gmail.com,50,2026-05-28
653,Wendy,wendy6@proton.me,30,2026-05-28
654,Yash,yash93@hotmail.com,68,2026-05-28
655,Xena,xena71@outlook.com,19,2026-05-28
656,Zara,zara28@gmail.com,34,2026-05-28
657,Mia,mia3@gmail.com,51,2026-05-28
658,Zara,zara45@outlook.com,65,2026-05-28
659,Kevin,kevin32@gmail.com,22,2026-05-28
660,Rohan,rohan37@gmail.com,72,2026-05-28
661,Kevin,kevin20@gmail.com,55,2026-05-28
662,Divya,divya54proton.me,59,2026-05-28
663,Tanya,tanya89@outlook.com,48,2026-05-28
663,Tanya,tanya89@outlook.com,48,2026-05-28
664,Jaya,,20,2026-05-28
665,Olivia,olivia97@yahoo.com,49,2026-05-29
666,Arjun,arjun88@gmail.com,44,2026-05-29
667,Bella,bella38@hotmail.com,64,2026-05-29
668,Quinn,quinn27hotmail.com,20,2026-05-29
669,Leila,leila2@outlook.com,70,2026-05-29
670,Yash,yash95@gmail.com,25,2026-05-29
671,Bella,bella81@proton.me,75,2026-05-29
672,Aisha,aisha35@proton.me,57,2026-05-29
673,Aisha,aisha22@yahoo.com,23,2026-05-29
674,Nikhil,nikhil16@yahoo.com,63,2026-05-29
675,Rohan,rohan51@gmail.com,25,2026-05-29
676,Kevin,kevin18@proton.me,44,2026-05-29
676,Kevin,kevin18@proton.me,44,2026-05-29
677,Carlos,carlos80@yahoo.com,61,2026-05-29
678,Wendy,wendy32yahoo.com,64,2026-05-29
679,Sara,sara97@hotmail.com,31,2026-05-29
680,Nikhil,nikhil34@yahoo.com,24,2026-05-29
680,Nikhil,nikhil34@yahoo.com,24,2026-05-29
681,Priya,priya14@gmail.com,47,2026-05-30
682,Jaya,jaya76@yahoo.com,68,2026-05-30
683,Farhan,farhan51@gmail.com,45,2026-05-30
683,Farhan,farhan51@gmail.com,45,2026-05-30
684,Tanya,tanya27@yahoo.com,20,2026-05-30
685,Divya,divya5@proton.me,63,2026-05-30
686,Wendy,wendy5@gmail.com,47,2026-05-30
687,Divya,divya62@yahoo.com,45,2026-05-30
688,Divya,divya58@hotmail.com,33,2026-05-30
689,Aarav,aarav70@yahoo.com,71,2026-05-31
689,Aarav,aarav70@yahoo.com,71,2026-05-31
690,Carlos,carlos85@hotmail.com,38,2026-05-31
691,Ananya,ananya31@hotmail.com,71,2026-05-31
692,Emma,emma11@gmail.com,56,2026-06-01
693,Xena,xena61@yahoo.com,65,2026-06-01
694,Grace,grace26@outlook.com,74,2026-06-01
695,Aisha,,60,2026-06-01
696,Wendy,wendy27@yahoo.com,40,2026-06-01
697,Arjun,arjun81@proton.me,57,2026-06-01
698,Bella,bella2@gmail.com,44,2026-06-01
699,Aisha,aisha45@yahoo.com,40,2026-06-01
700,Priya,priya99@gmail.com,60,2026-06-01
701,Olivia,olivia10@proton.me,71,2026-06-01
702,Ananya,ananya29@proton.me,27,2026-06-01
703,Ananya,ananya44@yahoo.com,23,2026-06-01
704,Uma,uma82@yahoo.com,43,2026-06-01
705,Rohan,rohan87@yahoo.com,70,2026-06-01
706,Farhan,farhan33@yahoo.com,48,2026-06-01
707,Farhan,farhan44@gmail.com,50,2026-06-01
708,Sara,sara40@gmail.com,20,2026-06-01
709,Ishaan,ishaan20@outlook.com,59,2026-06-01
728,Ananya,ananya61@yahoo.com,22,2026-06-03
729,Wendy,wendy12@yahoo.com,19,2026-06-03
730,Divya,divya27gmail.com,62,2026-06-03
731,Aisha,aisha73@outlook.com,39,2026-06-03
732,Zara,zara33@yahoo.com,58,2026-06-03
733,Aarav,aarav99@outlook.com,75,2026-06-03
734,Rahul,,27,2026-06-03
735,Divya,divya6@gmail.com,24,2026-06-03
736,Aisha,aisha9@hotmail.com,61,2026-06-03
737,Tanya,tanya59@hotmail.com,36,2026-06-03
738,Nikhil,nikhil77@hotmail.com,45,2026-06-03
739,Nikhil,nikhil97@hotmail.com,70,2026-06-03
740,Bella,bella27@yahoo.com,43,2026-06-03
741,Divya,divya48@outlook.com,75,2026-06-03
742,Rahul,rahul98@gmail.com,18,2026-06-03
743,Leila,leila48@hotmail.com,28,2026-06-03
744,Aisha,aisha88@outlook.com,27,2026-06-03
745,Nikhil,nikhil27@proton.me,44.0,2026-06-04
746,Priya,,31.0,2026-06-04
747,Arjun,arjun18@proton.me,33.0,2026-06-04
748,Kevin,kevin54@proton.me,37.0,2026-06-04
749,Jaya,jaya7@hotmail.com,51.0,2026-06-04
750,Uma,uma49@proton.me,33.0,2026-06-04
751,Ishaan,ishaan46@outlook.com,49.0,2026-06-04
752,Mia,mia83@outlook.com,57.0,2026-06-04
753,Divya,,32.0,2026-06-04
754,Aisha,aisha51@hotmail.com,18.0,2026-06-04
755,Grace,grace48@hotmail.com,34.0,2026-06-04
756,Arjun,arjun65@outlook.com,75.0,2026-06-04
757,Divya,,37.0,2026-06-04
758,Ishaan,ishaan21@hotmail.com,20.0,2026-06-04
759,Carlos,carlos50@yahoo.com,49.0,2026-06-04
760,Ishaan,ishaan20@outlook.com,75.0,2026-06-04
761,Vikram,vikram65@yahoo.com,29.0,2026-06-04
762,Emma,emma8@outlook.com,,2026-06-04
763,Ishaan,ishaan15@outlook.com,46.0,2026-06-04
764,Grace,grace55@gmail.com,52.0,2026-06-04
765,Arjun,arjun15@proton.me,56.0,2026-06-04
766,Jaya,jaya53@hotmail.com,43.0,2026-06-04
767,Aisha,,66.0,2026-06-04
768,Farhan,farhan81@yahoo.com,47.0,2026-06-04
758,Ishaan,ishaan21@hotmail.com,20.0,2026-06-04
769,Emma,emma18@hotmail.com,72,2026-06-05
770,Carlos,carlos33@proton.me,22,2026-06-05
771,Grace,grace18@yahoo.com,63,2026-06-05
772,Arjun,arjun92@yahoo.com,36,2026-06-05
773,Carlos,carlos2@gmail.com,34,2026-06-05
774,Yash,yash96@hotmail.com,58,2026-06-05
775,Rohan,rohan75@proton.me,25,2026-06-05
776,Aarav,aarav30@gmail.com,19,2026-06-05
777,Kevin,kevin29@gmail.com,59,2026-06-05
778,Aisha,aisha85@proton.me,63,2026-06-05
779,Aarav,aarav61@gmail.com,20,2026-06-05
780,Farhan,farhan8@gmail.com,49,2026-06-05
781,Aisha,aisha10@gmail.com,46,2026-06-05
782,Olivia,olivia40@outlook.com,21,2026-06-05
783,Kevin,,25,2026-06-05
784,Ishaan,ishaan72@proton.me,25,2026-06-05
785,Xena,xena33@proton.me,73,2026-06-05
786,Mia,mia96yahoo.com,31,2026-06-05
787,Farhan,,47.0,2026-06-06
788,Harsh,harsh46@proton.me,63.0,2026-06-06
789,Aisha,aisha81@hotmail.com,27.0,2026-06-06
790,Yash,yash57gmail.com,27.0,2026-06-06
791,Bella,bella80@hotmail.com,49.0,2026-06-06
792,Ananya,ananya6@gmail.com,28.0,2026-06-06
793,Quinn,quinn5@outlook.com,47.0,2026-06-06
794,Aisha,aisha80proton.me,22.0,2026-06-06
795,Sara,sara35@proton.me,52.0,2026-06-06
796,Bella,bella75@outlook.com,27.0,2026-06-06
797,Uma,,59.0,2026-06-06
798,Grace,grace67@yahoo.com,56.0,2026-06-06
799,Ishaan,ishaan43@gmail.com,56.0,2026-06-06
800,Sara,sara28@outlook.com,58.0,2026-06-06
801,Arjun,arjun82@hotmail.com,,2026-06-06
802,Mia,mia47@yahoo.com,70.0,2026-06-06
803,Priya,priya11@hotmail.com,31.0,2026-06-06
804,Farhan,farhan99@gmail.com,51.0,2026-06-06
805,Xena,xena14@outlook.com,35.0,2026-06-06
806,Uma,uma60@yahoo.com,28.0,2026-06-06
807,Tanya,tanya80@proton.me,41.0,2026-06-06
808,Divya,divya95@gmail.com,75.0,2026-06-06
796,Bella,bella75@outlook.com,27.0,2026-06-06
806,Uma,uma60@yahoo.com,28.0,2026-06-06
809,Uma,uma39@gmail.com,24.0,2026-06-07
810,Rohan,rohan97@outlook.com,19.0,2026-06-07
811,Priya,priya60@yahoo.com,19.0,2026-06-07
812,Quinn,quinn56@proton.me,69.0,2026-06-07
813,Farhan,farhan41@hotmail.com,73.0,2026-06-07
814,Aisha,aisha52@outlook.com,61.0,2026-06-07
815,Farhan,,53.0,2026-06-07
816,Divya,divya34@outlook.com,71.0,2026-06-07
817,Vikram,vikram79hotmail.com,,2026-06-07
818,Olivia,olivia7@gmail.com,53.0,2026-06-07
819,Carlos,carlos71@yahoo.com,58.0,2026-06-07
820,Emma,emma93@proton.me,70.0,2026-06-07
821,Yash,yash52@outlook.com,21.0,2026-06-07
822,Tanya,tanya17@gmail.com,38.0,2026-06-07
823,Arjun,arjun14@yahoo.com,69.0,2026-06-07
824,Tanya,tanya99@outlook.com,39.0,2026-06-07
825,Leila,leila11@outlook.com,73.0,2026-06-07
826,Jaya,jaya26@hotmail.com,36.0,2026-06-07
827,Aisha,aisha99@proton.me,64.0,2026-06-07
828,Xena,xena16@yahoo.com,19.0,2026-06-07
829,Quinn,quinn93@hotmail.com,61.0,2026-06-07
830,Kevin,kevin45@hotmail.com,58.0,2026-06-07
831,Wendy,wendy77@gmail.com,47.0,2026-06-07
832,Zara,zara20@gmail.com,48.0,2026-06-07
833,Quinn,quinn89@yahoo.com,37.0,2026-06-07
814,Aisha,aisha52@outlook.com,61.0,2026-06-07
818,Olivia,olivia7@gmail.com,53.0,2026-06-07
834,Xena,xena66gmail.com,19.0,2026-06-08
835,Mia,mia26gmail.com,20.0,2026-06-08
836,Priya,priya86@outlook.com,73.0,2026-06-08
837,Rahul,rahul27@hotmail.com,21.0,2026-06-08
838,Priya,,52.0,2026-06-08
839,Yash,yash24@proton.me,40.0,2026-06-08
840,Uma,uma36gmail.com,50.0,2026-06-08
841,Arjun,,46.0,2026-06-08
842,Rohan,rohan42@gmail.com,72.0,2026-06-08
843,Kevin,kevin89@yahoo.com,49.0,2026-06-08
844,Yash,yash47@yahoo.com,43.0,2026-06-08
845,Bella,bella76@outlook.com,21.0,2026-06-08
846,Priya,priya59@outlook.com,42.0,2026-06-08
847,Leila,leila15@gmail.com,21.0,2026-06-08
848,Yash,yash41@proton.me,,2026-06-08
849,Quinn,quinn14@outlook.com,60.0,2026-06-08
850,Tanya,tanya75@hotmail.com,74.0,2026-06-08
851,Arjun,arjun75@hotmail.com,46.0,2026-06-08
852,Mia,mia58@outlook.com,35.0,2026-06-08
853,Zara,zara10@proton.me,54.0,2026-06-08
854,Rohan,rohan29@proton.me,35.0,2026-06-08
842,Rohan,rohan42@gmail.com,72.0,2026-06-08
855,Arjun,arjun50proton.me,18.0,2026-06-09
856,Mia,mia30@gmail.com,45.0,2026-06-09
857,Leila,leila70@outlook.com,62.0,2026-06-09
858,Wendy,wendy72@gmail.com,28.0,2026-06-09
859,Ananya,ananya22@proton.me,39.0,2026-06-09
860,Nikhil,nikhil30@outlook.com,49.0,2026-06-09
861,Leila,leila17@yahoo.com,47.0,2026-06-09
862,Aisha,aisha55@outlook.com,51.0,2026-06-09
863,Tanya,tanya60hotmail.com,35.0,2026-06-09
864,Grace,grace3@proton.me,44.0,2026-06-09
865,Zara,zara72outlook.com,18.0,2026-06-09
866,Arjun,,65.0,2026-06-09
867,Nikhil,nikhil80@proton.me,20.0,2026-06-09
868,Olivia,olivia68@gmail.com,35.0,2026-06-09
869,Ishaan,ishaan85@proton.me,26.0,2026-06-09
870,Wendy,wendy48@outlook.com,,2026-06-09
871,Leila,leila22@yahoo.com,50.0,2026-06-09
859,Ananya,ananya22@proton.me,39.0,2026-06-09
866,Arjun,,65.0,2026-06-09
872,Arjun,arjun28@outlook.com,32.0,2026-06-10
873,Leila,leila79@outlook.com,59.0,2026-06-10
874,Rohan,rohan17@gmail.com,57.0,2026-06-10
875,Wendy,wendy92@proton.me,36.0,2026-06-10
876,Ananya,ananya18@yahoo.com,32.0,2026-06-10
877,Jaya,jaya20@outlook.com,58.0,2026-06-10
878,Sara,,32.0,2026-06-10
879,Ananya,ananya12@gmail.com,65.0,2026-06-10
880,Rahul,rahul36yahoo.com,57.0,2026-06-10
881,Vikram,vikram30hotmail.com,43.0,2026-06-10
882,Aarav,aarav89@gmail.com,31.0,2026-06-10
883,Priya,priya93@proton.me,59.0,2026-06-10
884,Leila,leila49@hotmail.com,26.0,2026-06-10
885,Bella,bella72@yahoo.com,31.0,2026-06-10
886,Olivia,olivia28@hotmail.com,61.0,2026-06-10
887,Sara,sara95@outlook.com,70.0,2026-06-10
888,Nikhil,nikhil82@proton.me,,2026-06-10
889,Divya,divya92@yahoo.com,38.0,2026-06-10
890,Divya,divya56gmail.com,45.0,2026-06-10
891,Zara,zara95@gmail.com,59.0,2026-06-10
892,Ishaan,ishaan78@outlook.com,49.0,2026-06-10
893,Yash,yash55yahoo.com,36.0,2026-06-10
877,Jaya,jaya20@outlook.com,58.0,2026-06-10
887,Sara,sara95@outlook.com,70.0,2026-06-10
894,Emma,emma35@gmail.com,52.0,2026-06-11
895,Carlos,carlos88@proton.me,,2026-06-11
896,Mia,mia10@proton.me,25.0,2026-06-11
897,Ishaan,ishaan63@gmail.com,30.0,2026-06-11
898,Yash,yash61@gmail.com,35.0,2026-06-11
899,Yash,yash50@proton.me,50.0,2026-06-11
900,Sara,sara94@yahoo.com,75.0,2026-06-11
901,Jaya,jaya52@hotmail.com,69.0,2026-06-11
902,Ananya,ananya2@proton.me,45.0,2026-06-11
903,Aarav,aarav18@proton.me,68.0,2026-06-11
904,Mia,mia68outlook.com,40.0,2026-06-11
905,Grace,,42.0,2026-06-11
906,Leila,leila86@outlook.com,24.0,2026-06-11
907,Quinn,quinn95@hotmail.com,38.0,2026-06-11
908,Arjun,arjun59@proton.me,51.0,2026-06-11
909,Rohan,rohan3@gmail.com,56.0,2026-06-11
910,Farhan,farhan9@proton.me,59.0,2026-06-11
911,Carlos,carlos96@proton.me,49.0,2026-06-11
912,Emma,emma3@gmail.com,63.0,2026-06-11
913,Jaya,jaya87@outlook.com,65.0,2026-06-11
914,Yash,yash12@gmail.com,61.0,2026-06-11
915,Quinn,quinn35@hotmail.com,54.0,2026-06-11
916,Grace,,65.0,2026-06-11
917,Zara,zara51@gmail.com,23.0,2026-06-11
918,Grace,grace62@outlook.com,19,2026-06-12
919,Ishaan,ishaan23proton.me,64,2026-06-12
920,Uma,uma80@yahoo.com,20,2026-06-12
921,Emma,emma6@outlook.com,58,2026-06-12
922,Xena,xena47@yahoo.com,36,2026-06-12
923,Priya,priya95@outlook.com,56,2026-06-12
924,Emma,emma50@outlook.com,19,2026-06-12
925,Aarav,aarav49@hotmail.com,42,2026-06-12
926,Tanya,tanya45@hotmail.com,53,2026-06-12
927,Ishaan,,41,2026-06-12
922,Xena,xena47@yahoo.com,36,2026-06-12
928,Aisha,aisha18@outlook.com,20.0,2026-06-13
929,Yash,yash19@yahoo.com,35.0,2026-06-13
930,Quinn,quinn6@proton.me,56.0,2026-06-13
931,Vikram,vikram47@outlook.com,32.0,2026-06-13
932,Zara,zara47@yahoo.com,27.0,2026-06-13
933,Nikhil,nikhil20@hotmail.com,67.0,2026-06-13
934,Priya,priya5@yahoo.com,33.0,2026-06-13
935,Farhan,farhan86@yahoo.com,65.0,2026-06-13
936,Olivia,olivia2@yahoo.com,49.0,2026-06-13
937,Tanya,tanya55@outlook.com,60.0,2026-06-13
938,Carlos,carlos13@outlook.com,49.0,2026-06-13
939,Wendy,wendy1@outlook.com,68.0,2026-06-13
940,Vikram,vikram64@gmail.com,65.0,2026-06-13
941,Aarav,aarav42@outlook.com,32.0,2026-06-13
942,Harsh,harsh58@gmail.com,74.0,2026-06-13
943,Quinn,quinn22@hotmail.com,49.0,2026-06-13
944,Nikhil,,73.0,2026-06-13
945,Quinn,quinn84@yahoo.com,42.0,2026-06-13
946,Emma,,30.0,2026-06-13
947,Mia,mia83@yahoo.com,,2026-06-13
948,Xena,xena46@hotmail.com,27.0,2026-06-13
934,Priya,priya5@yahoo.com,33.0,2026-06-13
949,Mia,mia30@proton.me,61,2026-06-14
950,Carlos,carlos53@outlook.com,27,2026-06-14
951,Grace,grace75@yahoo.com,33,2026-06-14
952,Kevin,kevin21@gmail.com,75,2026-06-14
953,Leila,leila99@gmail.com,56,2026-06-14
954,Grace,grace15@gmail.com,64,2026-06-14
955,Mia,mia68@outlook.com,71,2026-06-14
956,Kevin,kevin19@hotmail.com,57,2026-06-14
957,Yash,yash12@hotmail.com,27,2026-06-14
958,Leila,leila19@yahoo.com,56,2026-06-14
959,Xena,xena56@hotmail.com,38,2026-06-14
960,Aisha,aisha11@proton.me,31,2026-06-14
961,Sara,sara23hotmail.com,69,2026-06-14
962,Farhan,farhan73@hotmail.com,60,2026-06-14
1,Uma,uma84@gmail.com,44.0,2026-06-15
2,Olivia,olivia23@yahoo.com,34.0,2026-06-15
3,Sara,sara40@gmail.com,52.0,2026-06-15
4,Rahul,rahul41@proton.me,,2026-06-15
5,Ananya,ananya63@outlook.com,19.0,2026-06-15
6,Nikhil,nikhil92@outlook.com,65.0,2026-06-15
7,Rohan,rohan67@gmail.com,53.0,2026-06-15
8,Priya,priya79proton.me,41.0,2026-06-15
9,Tanya,tanya55@proton.me,37.0,2026-06-15
10,Kevin,kevin86gmail.com,38.0,2026-06-15
11,Mia,mia96@proton.me,49.0,2026-06-15
12,Priya,priya12@outlook.com,67.0,2026-06-15
13,Ananya,ananya55@gmail.com,25.0,2026-06-15
14,Vikram,vikram41outlook.com,22.0,2026-06-15
1,Uma,uma84@gmail.com,44.0,2026-06-15
1,Harsh,harsh55@outlook.com,69.0,2026-06-16
2,Emma,emma42@hotmail.com,23.0,2026-06-16
3,Rohan,rohan6@outlook.com,50.0,2026-06-16
4,Yash,yash94@yahoo.com,19.0,2026-06-16
5,Bella,bella26@outlook.com,74.0,2026-06-16
6,Xena,xena93hotmail.com,,2026-06-16
7,Divya,divya84@hotmail.com,23.0,2026-06-16
8,Nikhil,nikhil96outlook.com,18.0,2026-06-16
9,Vikram,vikram56@gmail.com,,2026-06-16
10,Nikhil,nikhil85@outlook.com,64.0,2026-06-16
11,Olivia,olivia34@proton.me,74.0,2026-06-16
12,Yash,yash34@yahoo.com,71.0,2026-06-16
13,Aisha,aisha97@yahoo.com,50.0,2026-06-16
14,Emma,emma53@proton.me,32.0,2026-06-16
15,Arjun,arjun16@proton.me,38.0,2026-06-16
16,Carlos,carlos29@gmail.com,68.0,2026-06-16
17,Ananya,ananya30@proton.me,38.0,2026-06-16
13,Aisha,aisha97@yahoo.com,50.0,2026-06-16
6,Xena,xena93hotmail.com,,2026-06-16
1,Emma,emma54@hotmail.com,28,2026-06-16
2,Sara,sara54@gmail.com,62,2026-06-16
3,Aarav,,74,2026-06-16
4,Quinn,quinn60@proton.me,27,2026-06-16
5,Aisha,aisha32@proton.me,73,2026-06-16
6,Zara,zara37@hotmail.com,30,2026-06-16
7,Uma,uma31@proton.me,40,2026-06-16
8,Nikhil,nikhil79@proton.me,59,2026-06-16
9,Vikram,vikram14@outlook.com,55,2026-06-16
10,Priya,priya83@gmail.com,68,2026-06-16
11,Sara,sara39@gmail.com,73,2026-06-16
12,Divya,,22,2026-06-16
13,Vikram,vikram17@proton.me,60,2026-06-16
14,Wendy,wendy67@gmail.com,36,2026-06-16
15,Arjun,arjun65@gmail.com,58,2026-06-16
16,Aarav,aarav78@yahoo.com,59,2026-06-16
17,Quinn,quinn48@proton.me,23,2026-06-16
18,Emma,emma6@hotmail.com,20,2026-06-16
19,Aisha,aisha65@hotmail.com,53,2026-06-16
20,Wendy,wendy96@hotmail.com,32,2026-06-16
21,Tanya,tanya51@outlook.com,29,2026-06-16
22,Arjun,arjun25@gmail.com,54,2026-06-16
3,Aarav,,74,2026-06-16
20,Wendy,wendy96@hotmail.com,32,2026-06-16
